{
  "queries": [
    {
      "id": "c2b63fc3-bb8c-4acd-9441-aa8202211884",
      "campaigns": [
        {
          "campaignId": "next_session_triggered_campaign",
          "capping": 3,
          "devTrackingId": "tata",
          "eventData": {
            "type": "l",
            "foo": "bar"
          },
          "minimumApiLevel": 1,
          "priority": 2,
          "minDisplayInterval": 3,
          "startDate": {
            "ts": 1499960145,
            "userTZ": false
          },
          "endDate": {
            "ts": 2147866695000,
            "userTZ": false
          },
          "triggers": [
            {
              "type": "NEXT_SESSION"
            }
          ],
          "output": {
            "type": "LANDING",
            "payload": {
              "kind": "universal",
              "id": "webtest",
              "did": "webtest",
              "hero": "https://static.pfs.gdn.s3.eu-west-1.amazonaws.com/documentation/logo_ons_full_178.png",
              "h1": "WOW",
              "h2": "Ho",
              "h3": "Subtitle",
              "body": "This is a NEXT_SESSION triggered campaign.",
              "close": true,
              "cta": [
                {
                  "l": "Okay!",
                  "a": null,
                  "args": {}
                },
                {
                  "l": "Okay!2",
                  "a": null,
                  "args": {}
                }
              ],
              "style": "#image-cnt {blur: 200;} #image {border-radius: 10; margin-left: 30; margin-right: 30; margin-top: 40;} #placeholder{background-color:#018BAA;}#content {\n    background-color: #018BFF;\n    height: 100%\n   padding-top: 24;\n    padding-left: 20;\n    padding-right: 20;\n    padding-bottom: 20;\n}\n#h1 {\n    color: #018BFF;\n   padding-left: 15;\n    padding-right: 15;\n    padding-top: 4;\n    padding-bottom: 4;\n    border-radius: 12;\n   background-color:white;\n    font-weight: bold;\n    font-size: 12;\n    height: 24;\n    width: auto;\n}\n#h2 {\n    margin-top: 24;\n    color: white;\n    font-weight: bold;\n    font-size: 35;\n}\n#body {\n    color: #80C5FF;\n}\n#cta1 {\n    color: #018BFF;\n    padding-left: 60;\n    padding-right: 60;\n    padding-top: 10;\n    padding-bottom: 10;\n    border-radius: 4;\n    background-color:white;\n    font-weight: bold;\n    font-size: 18;\n}\n#close {\n    glyph-width: 1.5;\n    glyph-padding: 11;\n    background-color: #212C3C;\n    margin-top: 30;\n    margin-right: 30;\n}"
            }
          }
        }
      ]
    }
  ]
}